SourceImage,H,W,Family,Detector,Set,Regions,Networks,Specks,SpeckDensity_perMpx,CrackAreaPct,NetworkAreaPct,SpeckAreaPct,CensoredRegions,CensoredAreaSharePct,LargestRegion_px,LargestAreaSharePct,AreaGini,LargestSpansH,LargestSpansV,LargestCensored,UncensoredNetworks,NetMedianArea_px,NetP90Area_px,NetMedianLength_px,NetMaxLength_px,NetAwMeanWidth_px,NetAwMeanAspect,NetAwMeanSolidity,NetMedianAspect,TotalLength_px,LengthDensity_px_perMpx,OrientMean_deg,Anisotropy_R,OrientN,ReviewedPct,CrackMarked_px,NotCrackMarked_px,ConfirmedShareOfCrackPct
260622_316_H_b2_back_CBS_01,4096.0,6144.0,steel,CBS,260622_316_H_b2,311,92,219,8.702278137207031,11.060122648874918,10.901880264282227,0.15824238459269205,5,88.68875187677101,2466889.0,88.62954309720119,0.9711677279213423,False,False,True,90,1341.0,6532.700000000009,93.94999999999999,700.94,80.48427732169505,4.104755821257529,0.5745618761641608,3.7560000000000002,23429.57,931.0074647267659,-79.17947057040861,0.4727584938242791,79,9.980408350626627,2455992.0,17635.0,88.23803941335883
260622_316_H_b2_front_CBS_01,4096.0,6144.0,steel,CBS,260622_316_H_b2,260,107,153,6.079673767089844,9.978695710500082,9.874657789866129,0.10403792063395183,4,87.47382249511294,2186927.0,87.08620228964317,0.9611654419534132,False,False,True,104,1302.0,6557.7,104.35499999999999,399.34,67.18221760860675,3.9278237094392723,0.6059823650517472,4.29,23359.36,928.2175699869791,-83.97912501797173,0.5524555370274223,91,0.18972158432006836,47745.0,0.0,1.9012663560873375
260622_316_H_b2_front_CBS_02,4096.0,6144.0,steel,CBS,260622_316_H_b2,226,93,133,5.284945170084636,9.74102814992269,9.636600812276205,0.10442733764648438,4,83.27746072668383,2039336.0,83.19032719944848,0.9582719181335878,False,False,True,90,1831.5,9969.300000000007,108.845,547.82,81.11167509741814,4.0479109405280385,0.6447757525162016,3.8245,22217.960000000003,882.862408955892,-84.15405491444393,0.632379552834222,81,0.0,0.0,0.0,0.0
260622_316_H_b2_front_CBS_03,4096.0,6144.0,steel,CBS,260622_316_H_b2,101,60,41,1.629193623860677,11.833620071411133,11.79502805074056,0.038592020670572914,5,75.87551225173168,2236911.0,75.11383371815174,0.9497601489414079,False,False,True,56,2415.5,23276.0,116.56,1061.12,184.23826534123924,3.9906962443089173,0.6401435378361757,3.3345,17555.579999999998,697.5960731506347,-80.72649205493309,0.764627774418655,47,2.864436308542887,720859.0,0.0,24.20591747290489
260622_316_H_b2_front_CBS_04,4096.0,6144.0,steel,CBS,260622_316_H_b2,114,47,67,2.6623407999674478,7.60813554128011,7.568494478861491,0.03964106241861979,3,87.75598673386781,1675896.0,87.53014911341498,0.9642368789861736,False,False,True,45,2862.0,8619.6,140.07,471.22,74.58437393697069,4.364462648156229,0.7238446352084205,4.029,13353.5,530.6204160054525,-85.45399660914175,0.8279871719210208,39,4.859463373819987,1212455.0,7683.0,63.32515081085316
260622_316_H_b4_CBS_01,4096.0,6144.0,steel,CBS,260622_316_H_b4,227,124,103,4.092852274576823,12.923169136047363,12.829867998758951,0.09330113728841145,2,91.28097651390341,2967842.0,91.2558244793867,0.9645797082787156,False,False,True,122,1060.5,4829.100000000001,110.73,717.43,56.56230865650064,6.276154720434324,0.47482027514399305,5.991,27461.170000000002,1091.208855311076,81.12362894469184,0.3482413488654949,113,0.0,0.0,0.0,0.0
260622_316_H_b4_CBS_02,4096.0,6144.0,steel,CBS,260622_316_H_b4,164,127,37,1.4702479044596353,8.195586999257406,8.153939247131348,0.041647752126057945,8,78.53954958261555,1594161.0,77.29314172646906,0.9161043906417172,False,False,True,121,1506.0,8510.0,140.85,1078.46,72.91353962912977,7.156069487326444,0.437762901883932,6.649,32351.719999999998,1285.5418523152669,70.26145876846667,0.4652025038032407,119,0.04088878631591797,10290.0,0.0,0.4989122355680302
260622_316_amb_b3_CBS_01,4096.0,6144.0,steel,CBS,260622_316_amb_b3,215,35,180,7.152557373046875,13.91529639561971,13.780800501505533,0.13449589411417642,1,97.33481748045845,3408567.0,97.33481748045845,0.9856329340299397,False,True,True,34,842.0,2040.4999999999998,76.43,384.99,78.41931411280154,3.638572665377826,0.6082254669244348,3.596,12928.830000000002,513.7455463409424,-50.36008172590277,0.21950286255056334,30,0.0,0.0,0.0,0.0
260622_316_amb_b3_CBS_02,4096.0,6144.0,steel,CBS,260622_316_amb_b3,83,28,55,2.1855036417643228,7.281307379404704,7.234879334767659,0.04642804463704427,2,94.8557111680249,1737990.0,94.8476889065221,0.9760539406317011,False,False,True,27,807.0,3444.200000000007,65.03,469.89,92.12112055314468,3.597023438538809,0.6985610719595778,3.201,8177.510000000001,324.9450524648031,-57.32715045247279,0.40138386026212663,22,0.0,0.0,0.0,0.0
260708_316_H_b2_front_CBS_001,1490.0,1490.0,steel,CBS,260708_316_H_b2,1,1,0,0.0,5.464528624836719,5.464528624836719,0.0,1,100.0,121318.0,100.0,0.0,False,False,True,0,nan,nan,nan,nan,nan,nan,nan,nan,1192.57,537.1694968695103,nan,nan,0,0.4699788297824422,10434.0,0.0,8.600537430554411
260708_316_H_b2_front_CBS_002,2044.0,3067.0,steel,CBS,260708_316_H_b2,9,5,4,0.638065589314188,4.877548832754714,4.863399728311672,0.014149104443042118,1,98.21533108110317,300314.0,98.21533108110317,0.8775274451940976,False,False,True,4,1159.0,1465.8,69.485,82.44,25.05133479212254,3.243029759299781,0.8574074617067834,2.922,2377.38,379.23109268094106,-81.72247467942242,0.4107935523873954,3,2.264415018277389,141662.0,0.0,46.329442622093005
260708_316_H_b2_front_CBS_003,2044.0,3068.0,steel,CBS,260708_316_H_b2,28,15,13,2.073037248333278,24.415594853254476,24.366782799276415,0.0488120539780628,2,98.15766442427014,1494725.0,97.62425707008033,0.9555814213870514,True,False,True,13,978.0,3559.4000000000005,90.24,369.45,36.6449906549489,5.192668031972005,0.6913656976975386,2.658,5492.669999999998,875.8853463694418,89.55322428566897,0.6591688005804399,8,7.480443285528032,456639.0,7033.0,29.824244007576258
260708_316_H_b2_front_CBS_004,2045.0,3072.0,steel,CBS,260708_316_H_b2,28,15,13,2.0693255908720456,43.71471003973105,43.67276640179299,0.04194363793806031,1,98.97806582982038,2718198.0,98.97806582982038,0.9599430337568855,True,False,True,14,1234.0,3920.400000000002,99.53999999999999,187.48,35.96729335430594,3.9214760912308297,0.6606992567833267,3.9055,5375.93,855.7345787489813,87.28412434832934,0.6251304352706667,13,4.138221398736756,259973.0,0.0,9.466427650956955
260708_316_H_b2_front_CBS_005,4091.0,6139.0,steel,CBS,260708_316_H_b2,116,52,64,2.5483135360561877,41.84813014906161,41.8068355245578,0.0412946245038105,4,99.07510087287254,10405147.0,99.00224652476577,0.9882026100376239,True,True,True,50,985.0,2327.600000000001,78.63499999999999,1053.24,41.712434360140584,6.778603473227207,0.5965795844531735,3.8725,14888.189999999999,592.8090016308807,89.0622947038558,0.7858289027106087,44,0.7893560447530045,198244.0,0.0,1.8862397004151565
260708_316_H_b2_front_CBS_006,2044.0,3071.0,steel,CBS,260708_316_H_b2,19,8,11,1.7523948865754444,29.896717031557763,29.87023993790787,0.02647709364989444,1,98.68888990724982,1852049.0,98.68888990724982,0.9429533963948041,True,False,True,7,2711.0,6353.8,121.35,266.43,47.622426012291335,4.176374101032995,0.6150171424835461,3.642,4578.54,729.4009167255577,-87.95069534871568,0.8624854705255842,6,5.160548047163,323934.0,0.0,17.26125327311268
260708_316_H_b2_front_CBS_007,2047.0,3071.0,steel,CBS,260708_316_H_b2,28,7,21,3.3405781459059547,15.32090945808346,15.27019630032561,0.05071315775784849,1,98.86556663524115,952198.0,98.86556663524115,0.9597431305388952,True,False,True,6,961.5,2147.5,85.405,143.92,29.608949340914968,4.1453582321013185,0.6217431765314035,3.8375000000000004,4474.180000000001,711.7308537547385,78.03813714955874,0.6469336951160435,4,7.815855242886278,488756.0,0.0,50.746944318696244
260708_316_H_b2_front_CBS_008,2045.0,3072.0,steel,CBS,260708_316_H_b2,17,8,9,1.4326100244498778,2.74098092400163,2.725636078850856,0.015344845150774247,2,90.03455384883416,129295.0,75.08638462208543,0.8810626803060142,False,False,True,6,1472.5,5795.0,100.14500000000001,192.16,41.4009304766609,3.96818745369227,0.7566317732773524,3.795,3185.4,507.0484413202934,88.83870819510445,0.8349895258290617,6,1.2106032243276283,76053.0,0.0,44.16678765353233
260708_316_H_b2_front_CBS_009,2038.0,3072.0,steel,CBS,260708_316_H_b2,8,1,7,1.118079407916258,0.04462734093882892,0.02389495420346745,0.020732386735361465,0,0.0,1496.0,53.54330708661417,0.5968146027201146,False,False,False,1,1496.0,1496.0,92.92,92.92,20.9,4.445,0.9189,4.445,368.5,58.85889454530586,75.02,1.0,1,0.0409536514556755,0.0,2564.0,0.0
260708_316_H_b2_front_CBS_010,2037.0,3072.0,steel,CBS,260708_316_H_b2,8,1,7,1.1186282932416953,0.03335110354279169,0.01420657932416953,0.019144524218622158,0,0.0,889.0,42.59702922855774,0.45250359367513177,False,False,False,1,889.0,889.0,110.65,110.65,10.66,10.385,0.8459,10.385,358.15000000000003,57.23381760350188,-61.42999999999999,1.0,1,0.17663140750286369,0.0,5661.0,0.0
260708_316_H_b2_front_CBS_011,2041.0,3072.0,steel,CBS,260708_316_H_b2,25,9,16,2.551853666503348,7.00692764474114,6.973306972684958,0.03362067205618161,2,94.47136669162886,414643.0,94.38054678590858,0.9419867935565667,False,False,True,8,2639.0,5193.3,107.45,202.51,41.20038219663419,3.9998013286093888,0.665920699734278,4.071,3781.63,603.135398803691,-78.32029264576018,0.6961227082690113,7,4.580433789604769,286833.0,0.0,65.28858650994353
260708_316_H_b2_front_CBS_012,1903.0,3072.0,steel,CBS,260708_316_H_b2,28,14,14,2.39479330881065,3.953478745183044,3.910697473287791,0.04278127189525311,3,83.95645570934705,136485.0,59.053482807706786,0.8934128196300392,False,False,True,12,904.0,3750.9000000000005,81.31,526.07,57.24599353703223,5.514755388210855,0.6373784096482875,2.3055000000000003,5061.030000000002,865.7229128349977,-87.31960429143817,0.8903234399853388,6,2.4075541360133124,96885.0,31988.0,41.91960055555315
260708_316_H_b2_front_CBS_013,2005.0,3072.0,steel,CBS,260708_316_H_b2,48,19,29,4.708281379883624,12.488342944721529,12.451861881753949,0.036481062967581045,2,92.32568298054348,452436.0,58.818879826105494,0.9443687527246852,False,False,True,17,1693.0,9032.2,97.68,393.21,53.97942571851225,3.916077874049028,0.6477459566074951,2.94,5484.379999999999,890.4139391105567,-86.64138000707094,0.5498633349936,16,3.9229562811720697,222132.0,8322.0,28.87824004617773
260708_316_H_b2_front_CBS_014,2045.0,3072.0,steel,CBS,260708_316_H_b2,19,10,9,1.4326100244498778,9.938365933170335,9.913406682966585,0.024959250203748982,1,84.38204730664754,526841.0,84.38204730664754,0.9089113698345602,False,False,True,9,3412.0,33087.0,184.73,516.06,141.23758127221373,3.872387969940486,0.59539676578802,5.101,3634.6000000000004,578.551599429503,-84.84528190399217,0.8057790960754522,8,8.336294060717197,519097.0,0.0,83.14172133668187
260708_316_H_b2_front_CBS_015,4092.0,6144.0,steel,CBS,260708_316_H_b2,35,26,9,0.3579774560117302,4.615562441450798,4.608307431675628,0.007255009775171065,1,63.7576373867857,739850.0,63.7576373867857,0.8952575629057218,False,False,True,25,4275.0,26414.200000000026,158.59,1298.95,217.02035105651294,4.864201551813076,0.5424378832963968,4.722,9015.300000000001,358.5860176869502,-84.44634440622961,0.8017324770745528,25,3.2382123592273544,809711.0,4416.0,69.77800949664343
260708_316_H_b2_front_CBS_016,4090.0,6144.0,steel,CBS,260708_316_H_b2,27,20,7,0.27856306030969846,24.283503973105134,24.277765574062755,0.005738399042379788,2,92.3302970473561,5565445.0,91.20402963394137,0.9457964419148859,True,False,True,18,3488.5,52376.00000000007,143.525,1250.95,251.0312643973784,3.9068454320606625,0.7518947440728023,3.7395,13068.150000000001,520.0434080837409,-78.77523012228205,0.910937051903552,16,21.187311373013447,5322088.0,822.0,87.21600369178813
AS_24hr_BSE_Side_008,4096.0,6144.0,exposure,BSE,AS_24hr,249,200,49,1.9470850626627603,4.041850566864014,3.9782563845316568,0.06359418233235677,26,19.86541023334464,53147.0,5.225012657730064,0.6683283684550672,False,False,True,174,1953.0,11269.300000000001,195.245,1477.44,52.81016350956141,14.861317702356533,0.4593446577824719,9.748,64775.82000000001,2573.9598274230957,-76.52387161564452,0.9165575088204555,165,4.170326391855876,916151.0,133346.0,90.0690645077249
Cast_24hr_SE_Side_006,4096.0,6144.0,exposure,SE,Cast_24hr,496,216,280,11.126200358072916,20.763905843098957,20.573286215464275,0.19061962763468424,8,88.80705583181256,4626940.0,88.54696130904993,0.9657782116819179,True,False,True,210,1173.0,5928.099999999999,109.62,1047.33,57.152725757454554,7.848494578249377,0.5092035893868,4.959,53743.42,2135.5716387430825,-86.40828897728785,0.6985134803508453,189,14.74002202351888,3709448.0,0.0,70.98867686504097
HIP_24hr_SE_Side_006,4096.0,6144.0,exposure,SE,HIP_24hr,60,38,22,0.8742014567057291,2.738940715789795,2.715293566385905,0.023647149403889973,7,24.783505034985936,158155.0,22.945056921963157,0.8543333328497348,False,False,False,32,1232.0,51656.00000000006,92.38499999999999,1419.26,235.87299262202708,4.813391309434213,0.4658177822016152,3.9165,12030.070000000002,478.0320326487224,84.3744532977866,0.9056279389023889,29,2.2814154624938965,574137.0,0.0,83.295540109419
MAR_Amb_AS_CBS_0001,2952.0,2952.0,superalloy,CBS,MAR_Amb_AS,73,30,43,4.934415875324064,2.2752591601119265,2.2186969837178045,0.056562176394121665,4,84.57429907249096,135854.0,68.51865861715918,0.9100463322709403,False,False,True,26,885.0,1368.0,87.38,161.81,25.72725405363268,4.329100678203929,0.5688036404739631,3.8195,5222.25,599.2733326723511,80.81026986199545,0.3827837084488343,23,0.6231134465816203,54300.0,0.0,27.38648227443979
MAR_Amb_AS_CBS_0002,4096.0,6144.0,superalloy,CBS,MAR_Amb_AS,241,129,112,4.450480143229167,21.63780132929484,21.54325246810913,0.09454886118570964,11,94.8333168360197,5149830.0,94.5733142760284,0.9744109478521762,True,False,True,120,1414.0,4233.200000000001,112.83,434.33,56.731335365239694,3.7173637486735807,0.48832161501700144,3.5015,27405.46,1088.9951388041177,88.88262193882059,0.5248798225341667,106,0.0,0.0,0.0,0.0
MAR_Amb_AS_CBS_0003,4096.0,6144.0,superalloy,CBS,MAR_Amb_AS,100,41,59,2.3444493611653647,51.17329756418864,51.13673210144043,0.03656546274820963,4,97.80373503030164,12592011.0,97.77786181310374,0.9859562164908059,True,False,True,38,2483.5,22189.400000000005,124.29499999999999,671.41,146.90365802257202,3.087951933963987,0.4201893630154498,3.0324999999999998,16623.870000000003,660.5732440948487,89.76593521327234,0.44641913417299156,29,50.93433459599813,12780833.0,26284.0,99.24407808493466
MAR_Amb_AS_CBS_0004,4096.0,6144.0,superalloy,CBS,MAR_Amb_AS,316,98,218,8.662541707356771,2.771345774332682,2.6638309160868325,0.10751485824584961,14,5.216279149795249,71799.0,10.294767088404317,0.8573728198682152,False,False,False,88,2230.0,20906.099999999995,145.865,1117.71,173.278303376306,3.052833296070738,0.3718978036061795,3.2175000000000002,26593.73,1056.7398866017659,-76.2864906768771,0.3996630963217421,70,1.348896821339925,339461.0,0.0,48.672988907879194
MAR_Amb_AS_CBS_0005,4096.0,6144.0,superalloy,CBS,MAR_Amb_AS,286,92,194,7.7088673909505205,0.9768048922220866,0.8064190546671549,0.17038583755493164,12,14.52276249791515,16040.0,6.525073122312577,0.6924998128861916,False,False,False,86,925.5,4361.5,108.05,345.88,56.46121699033431,5.49504503561822,0.5802185439389907,6.0325,19436.6,772.3410924275715,77.03162431934369,0.6954175873636622,77,0.06341934204101562,15960.0,0.0,6.492529116715008
MAR_Amb_AS_CBS_0006,4096.0,6144.0,superalloy,CBS,MAR_Amb_AS,139,81,58,2.304712931315104,0.4800875981648763,0.4201253255208333,0.05996227264404297,3,1.6098594580277774,5793.0,4.794815342084789,0.47586625033598906,False,False,False,79,1069.0,2400.6000000000004,101.86,276.94,34.99811580263537,4.263173578916994,0.5012091776473984,4.152,11494.02,456.73131942749023,86.22275626251148,0.6842573111996505,76,0.0,0.0,0.0,0.0
MAR_Amb_AS_ETD_0001,3037.0,3036.0,superalloy,ETD,MAR_Amb_AS,8,6,2,0.21691192898476971,3.456957949019623,3.452955923929854,0.0040020250897690015,4,99.52814650047216,266463.0,83.59807117332772,0.8262059872687401,False,False,True,2,567.5,618.3,72.09,88.27,13.19685462555066,5.57977268722467,0.6630336563876652,5.4535,2405.64,260.9060064214607,50.72281995235345,0.9996705790017875,2,3.3701281038470197,310737.0,0.0,97.48825856567832
MAR_Amb_AS_ETD_0002,4096.0,6144.0,superalloy,ETD,MAR_Amb_AS,128,62,66,2.6226043701171875,20.194220542907715,20.13403574625651,0.06018479665120443,3,98.29812504501143,4994814.0,98.28360332323109,0.9834916567493932,True,False,True,60,936.0,2115.4,85.245,247.83,29.8590493164472,4.098013531270094,0.5665072115519026,3.615,14897.04,591.9551849365234,82.53992771872188,0.5757518159422836,56,19.736123085021973,4957080.0,0.0,97.54110650797455
MAR_Amb_AS_ETD_0003,4096.0,6144.0,superalloy,ETD,MAR_Amb_AS,60,27,33,1.3113021850585938,49.7108260790507,49.69970385233561,0.01112222671508789,4,98.71902302604312,12339611.0,98.63688165255398,0.9805319842302844,True,False,True,25,2567.0,13390.6,124.48,591.09,113.55853646775167,3.212400856571809,0.5161092725484597,3.178,12333.559999999998,490.09164174397773,88.17597836577198,0.542569996139459,19,49.44031238555908,12388443.0,0.0,99.02722104046966
MAR_Amb_AS_ETD_0004,4096.0,6144.0,superalloy,ETD,MAR_Amb_AS,148,60,88,3.4968058268229165,1.2189507484436035,1.1725306510925293,0.04642009735107422,3,1.150740483571794,33465.0,10.909215377543935,0.8157875365316711,False,False,False,58,1581.0,13243.700000000012,127.88499999999999,615.34,89.24475814074549,3.930375645574475,0.5643990506459169,3.6665,12212.439999999999,485.2787653605143,87.68400720179798,0.5709002703854993,53,0.06810824076334636,17140.0,0.0,5.587448127031318
MAR_Amb_AS_ETD_0006,4096.0,6144.0,superalloy,ETD,MAR_Amb_AS,2071,277,1794,71.28715515136719,2.901915709177653,1.9008715947469075,1.0010441144307454,40,11.991110392980332,28766.0,3.938977749965425,0.6855285268135319,False,False,True,257,879.0,3684.800000000001,78.15,630.93,49.16251444544214,3.82572923737197,0.5485574763723804,3.077,81803.89,3250.5945364634194,11.925327448975443,0.523043281615052,193,0.0,0.0,0.0,0.0
MAR_Amb_Cast_CBS_0001,2971.0,2970.0,superalloy,CBS,MAR_Amb_Cast,80,27,53,6.006434818282681,15.281956783134838,15.190556977833989,0.09139980530084872,2,95.59512332586803,1288468.0,95.55107307595331,0.9744465353069427,False,False,True,25,1044.0,3478.8000000000015,135.67,498.27,46.99048876940759,6.408483158981553,0.4899704420158572,5.004,8747.380000000001,991.331467938671,-76.50578243037477,0.6667205859405261,25,0.0,0.0,0.0,0.0
MAR_Amb_Cast_CBS_0002,4096.0,6144.0,superalloy,CBS,MAR_Amb_Cast,259,82,177,7.033348083496094,27.301804224650066,27.199625968933105,0.10217825571695964,12,95.67406578986436,6565504.0,95.55767339802908,0.9867049951533042,False,False,True,76,1478.5,10223.5,134.51999999999998,466.59,85.17797404517576,3.9398870057530995,0.46282413703503095,4.4,24220.92,962.4528884887694,-81.75657092894804,0.7774076249193507,67,0.0,0.0,0.0,0.0
MAR_Amb_Cast_CBS_0003,4096.0,6144.0,superalloy,CBS,MAR_Amb_Cast,153,65,88,3.4968058268229165,0.5333860715230306,0.4659692446390788,0.06741682688395183,5,2.9888773830188256,6686.0,4.980965648769658,0.6183450312925095,False,False,False,62,1193.5,3884.6,136.45499999999998,537.08,34.66859294626605,7.729544831042761,0.5184438427110536,6.136,13318.08,529.2129516601562,83.27248086662696,0.7294300396115827,61,0.0,0.0,0.0,0.0
MAR_Amb_Cast_CBS_0004,4096.0,6144.0,superalloy,CBS,MAR_Amb_Cast,455,144,311,12.358029683430988,25.508252779642742,25.278417269388836,0.22983551025390625,9,91.51630644914557,5827696.0,90.78310274447834,0.9802212305025513,False,True,True,140,1004.5,6242.9000000000015,101.28,886.31,105.4003490358499,5.526726084694451,0.5290218602136001,4.8309999999999995,35984.45,1429.8935731252034,-77.73933440068808,0.730764807067338,127,0.0,0.0,0.0,0.0
MAR_Amb_Cast_CBS_0005,4096.0,6144.0,superalloy,CBS,MAR_Amb_Cast,306,77,229,9.099642435709635,41.25298261642456,41.138080755869545,0.11490186055501302,5,92.30785309430011,9580476.0,92.28276075110583,0.9912222867396344,True,False,True,75,1050.0,13738.200000000004,110.25,2078.26,308.3476776649581,4.080515209883017,0.4323493669308835,3.718,27318.04,1085.5213801066081,-59.69146310462475,0.7251514750923428,63,12.164779504140219,3061367.0,0.0,29.488242382980822
MAR_Amb_Cast_ETD_0001,3042.0,3041.0,superalloy,ETD,MAR_Amb_Cast,44,15,29,3.134890444226948,11.961250159717263,11.889623318050202,0.07162684166706124,2,96.62124424537868,1068150.0,96.53394209861347,0.9657242126333913,False,False,True,13,912.0,5015.200000000001,105.9,404.6,62.58344148244473,4.095236866059818,0.49883642717815346,3.977,5569.7699999999995,602.0903017083423,-70.77788921082625,0.4955221212820128,13,0.0,0.0,0.0,0.0
MAR_Amb_Cast_ETD_0002,4096.0,6144.0,superalloy,ETD,MAR_Amb_Cast,200,74,126,5.0067901611328125,19.456664721171062,19.37217315038045,0.08449157079060872,3,95.77853660728327,4688819.0,95.75995163823438,0.9844929877482166,False,False,True,72,1119.0,4267.499999999999,93.65,844.91,93.31303994222363,4.694524913362401,0.505737274378446,3.9615,18679.46,742.2550519307454,-87.33575419663933,0.5356422943570662,62,0.0,0.0,0.0,0.0
MAR_Amb_Cast_ETD_0003,4096.0,6144.0,superalloy,ETD,MAR_Amb_Cast,84,27,57,2.2649765014648438,0.17830133438110352,0.1350839932759603,0.04321734110514323,5,6.1777094337099685,2720.0,6.061821666555236,0.5721350941481984,False,False,False,25,1010.0,2539.2000000000003,115.2,286.97,20.694267806088785,8.15560693078639,0.6254920826918847,6.513,5607.39,222.81765937805176,83.5187070275396,0.7063026169775574,24,0.1186052958170573,26983.0,2865.0,60.134608098772034
MAR_Amb_Cast_ETD_0004,4096.0,6144.0,superalloy,ETD,MAR_Amb_Cast,176,62,114,4.5299530029296875,21.075260639190674,20.999614397684734,0.07564624150594075,3,89.91448147287124,4738613.0,89.34435795867952,0.9833888104540116,False,False,True,60,1658.0,9483.7,112.17500000000001,1781.76,503.3679194556737,3.2202721999790707,0.4112675968093889,4.8375,18020.86,716.0846392313639,25.646932061836893,0.5071796344153098,53,18.832671642303467,4739397.0,0.0,89.35913991631979
MAR_Amb_Cast_ETD_0005,4096.0,6144.0,superalloy,ETD,MAR_Amb_Cast,736,104,632,25.113423665364582,22.160073121388752,21.83065414428711,0.32941897710164386,11,90.14650967003271,3665346.0,65.72530848977857,0.9830696291257994,False,False,True,99,997.0,7307.000000000001,84.86,904.01,164.48729844343407,3.8550486825354375,0.6114810954800751,3.304,37088.259999999995,1473.7550417582192,-72.38321073722102,0.7223143824003702,86,0.0,0.0,0.0,0.0
MAR_Amb_HIP_CBS_0003,4096.0,6144.0,superalloy,CBS,MAR_Amb_HIP,399,125,274,10.887781778971354,15.134461720784506,15.001225471496582,0.1332362492879232,6,92.00853201817307,3048424.0,80.0381861374659,0.9760507714193895,False,False,True,122,1255.0,4377.1,100.95,610.39,56.62987402056987,3.741940832091369,0.5078897523203825,3.5595,28545.0,1134.2763900756836,85.46255415767887,0.6551304369667401,110,10.667562484741211,2684580.0,0.0,70.48524540579598
MAR_Amb_HIP_CBS_0004,4096.0,6144.0,superalloy,CBS,MAR_Amb_HIP,68,8,60,2.384185791015625,0.06785790125528972,0.02478758494059245,0.043070316314697266,0,0.0,1663.0,9.738244422322422,0.44826460771109405,False,False,False,8,634.5,1089.6999999999998,87.75999999999999,161.84,18.745955434434116,5.822743347226675,0.5451798974030139,5.4,3012.3399999999997,119.69963709513345,86.14555366597021,0.7968285050289853,8,0.0,0.0,0.0,0.0
MAR_Amb_HIP_CBS_0005,4096.0,6144.0,superalloy,CBS,MAR_Amb_HIP,158,66,92,3.655751546223958,21.33252223332723,21.265594164530437,0.06692806879679362,5,97.4545613723001,5227013.0,97.36440591933881,0.9845687740024364,True,False,True,63,1033.0,4770.800000000004,94.93,276.73,45.38254372888093,3.768077353740144,0.5396236160803022,3.532,17425.870000000003,692.4418608347576,-84.50548990438635,0.7510743078529389,61,20.052965482076008,5046494.0,0.0,94.00184967695849
MAR_Amb_HIP_CBS_0006,4096.0,6144.0,superalloy,CBS,MAR_Amb_HIP,261,184,77,3.059705098470052,4.398918151855469,4.3494462966918945,0.04947185516357422,15,18.016953561982398,288667.0,26.075947766263422,0.7877491945683347,False,False,False,170,1760.0,6831.399999999996,109.89,1377.45,178.74308643505924,3.7630998684251677,0.5503285658119886,3.4095,30042.799999999996,1193.7936147054033,79.67930861508405,0.797178289596002,146,2.4726231892903647,603912.0,9733.0,54.5527468239171
MAR_Amb_HIP_CBS_0007,2048.0,3072.0,superalloy,CBS,MAR_Amb_HIP,32,26,6,0.95367431640625,1.9341309865315754,1.9053300221761067,0.02880096435546875,3,4.417142622344578,13805.0,11.344865842133377,0.5482482947774993,False,False,False,23,4133.0,12546.000000000004,171.64,395.55,62.302596813918136,4.372098420933116,0.6122719549686457,3.828,4718.57,749.9965031941731,86.49932323014312,0.7218677060729477,23,0.0,0.0,0.0,0.0
MAR_Amb_HIP_CBS_0008,2048.0,3072.0,superalloy,CBS,MAR_Amb_HIP,46,36,10,1.5894571940104165,3.76432736714681,3.720696767171224,0.04363059997558594,3,19.244946818617496,37159.0,15.69009124650067,0.6798512349569396,False,False,False,33,2473.0,17569.4,132.83,661.24,88.18937843486748,4.160575901288009,0.5758542820463852,3.337,6982.82,1109.8893483479817,73.56319180998918,0.8222079508818607,30,0.7774670918782552,48914.0,0.0,20.653546199610695
MAR_Amb_HIP_CBS_0010,2048.0,3072.0,superalloy,CBS,MAR_Amb_HIP,107,36,71,11.285146077473959,9.373156229654947,9.21629269917806,0.15686353047688803,9,42.399458715160726,243870.0,41.3543652112571,0.934214043776077,False,False,True,31,1457.0,22354.0,106.68,1791.51,303.3458220729587,3.636730810928671,0.4243344906636304,3.73,9616.43,1528.490384419759,54.931343714189026,0.8796874011389401,28,4.907623926798503,308761.0,0.0,52.35828579568193
MAR_Amb_HIP_ETD_0003,4096.0,6144.0,superalloy,ETD,MAR_Amb_HIP,122,29,93,3.6954879760742188,9.993326663970947,9.925011793772379,0.0683148701985677,3,98.01169269749171,2013413.0,80.05927067564832,0.9796918967307823,False,False,True,27,1042.0,1724.0000000000007,78.43,247.15,29.63850900367435,4.09561279645319,0.6226112325772069,3.248,11670.98,463.7630780537923,-88.99275832582512,0.5717472931639851,18,8.887255191802979,2236551.0,0.0,88.93189916271125
MAR_Amb_HIP_ETD_0005,4096.0,6144.0,superalloy,ETD,MAR_Amb_HIP,149,22,127,5.046526590983073,2.905710538228353,2.8241674105326333,0.0815431276957194,4,94.59497898108161,520271.0,71.14856012887591,0.9626353855854052,False,False,True,19,716.0,1797.5999999999995,69.03,148.05,29.675902547638774,3.0425694904722453,0.6113042149958575,2.606,8281.86,329.09154891967773,-77.4497741476929,0.554358131557357,14,2.7855793635050454,696681.0,0.0,95.27313653681524
MAR_Amb_HIP_ETD_0006,4096.0,6144.0,superalloy,ETD,MAR_Amb_HIP,69,57,12,0.476837158203125,2.206472555796305,2.1953980127970376,0.011074542999267578,7,22.282932662436945,185794.0,33.45969669192133,0.8107284644694763,False,False,False,50,1437.5,16042.100000000004,100.565,1292.98,176.38853665704198,4.17608552610097,0.5925789459322041,4.172499999999999,10656.59,423.45484097798663,78.33123961271654,0.7725111736287974,50,1.3308246930440266,334913.0,0.0,60.314581731280065
MAR_Amb_HIP_ETD_0007,2048.0,3072.0,superalloy,ETD,MAR_Amb_HIP,49,23,26,4.132588704427083,1.2935320536295574,1.23291015625,0.06062189737955729,3,9.309183849008381,13496.0,16.583519697230347,0.7140108703774941,False,False,False,20,2943.5,7107.500000000003,120.45,634.06,56.24425234312493,5.598245313750143,0.5538372256829351,4.984500000000001,4587.09,729.0983200073242,-88.22992125963786,0.7644224587755611,17,0.8060296376546224,50711.0,0.0,62.31230493229461
MAR_Amb_HIP_ETD_0008,2048.0,3072.0,superalloy,ETD,MAR_Amb_HIP,44,42,2,0.3178914388020833,4.031928380330403,4.018719991048177,0.013208389282226562,4,13.356092830364217,25695.0,10.129421643335554,0.5240396590089298,False,False,False,38,3838.0,16610.5,137.095,494.93,88.0227124627779,3.420219546392882,0.6318104509581833,3.073,7269.629999999999,1155.4765701293943,72.81169532178991,0.8755352212238876,30,2.3421287536621094,147354.0,0.0,58.08954258930015
MAR_Amb_HIP_ETD_0010,2048.0,3072.0,superalloy,ETD,MAR_Amb_HIP,48,19,29,4.609425862630208,8.599662780761719,8.555841445922852,0.04382133483886719,3,42.73182957393484,229884.0,42.48896577727505,0.9174052079559765,False,False,True,17,2227.0,49499.400000000016,124.75,1814.02,284.17642423472955,4.248845275881489,0.4547257983130358,3.815,6435.99,1022.97306060791,63.12955352319009,0.7482217745592198,16,4.698657989501953,295614.0,0.0,54.637700445804775
