SourceImage,Set,Family,Detector,Tier,H,W,SkeletonPx,SkeletonNodes,SkeletonEnds,Branches,NodeDensity_per100px_skel,SkelPerMpx,FractalDim,CrackAreaPct,MeanWidth_px
MAR_Amb_AS_CBS_0004,MAR_Amb_AS,superalloy,CBS,hi,4096,6144,51628,7055,1843,1169,13.6651,2051.5,1.3654,2.7713,14.86
260622_316_H_b4_CBS_01,260622_316_H_b4,steel,CBS,hi,4096,6144,49616,2427,901,608,4.8916,1971.6,1.6933,12.9232,102.347
260708_316_H_b2_front_CBS_003,260708_316_H_b2,steel,CBS,lo,2044,3068,21496,1033,196,301,4.8055,3427.8,1.8504,24.4156,164.486
AS_24hr_BSE_Side_008,AS_24hr,exposure,BSE,hi,4096,6144,66581,2217,1180,985,3.3298,2645.7,1.3805,4.0419,14.432
MAR_Amb_Cast_ETD_0003,MAR_Amb_Cast,superalloy,ETD,hi,4096,6144,5230,172,218,97,3.2887,207.8,1.0593,0.1783,7.672
260708_316_H_b2_front_CBS_015,260708_316_H_b2,steel,CBS,hi,4092,6144,16087,1026,205,149,6.3778,639.9,1.6802,4.6156,99.817
260622_316_H_b2_front_CBS_02,260622_316_H_b2,steel,CBS,hi,4096,6144,49340,4710,1185,811,9.546,1960.6,1.6468,9.741,97.84
MAR_Amb_HIP_CBS_0003,MAR_Amb_HIP,superalloy,CBS,hi,4096,6144,58520,6705,1866,976,11.4576,2325.4,1.6872,15.1345,107.072
MAR_Amb_AS_ETD_0006,MAR_Amb_AS,superalloy,ETD,hi,4096,6144,98946,8606,6780,2974,8.6977,3931.8,1.303,2.9019,7.639
260622_316_H_b2_front_CBS_03,260622_316_H_b2,steel,CBS,hi,4096,6144,55132,5012,921,766,9.0909,2190.7,1.7242,11.8336,128.547
260708_316_H_b2_front_CBS_014,260708_316_H_b2,steel,CBS,lo,2045,3072,7500,216,59,91,2.88,1193.8,1.7494,9.9384,139.461
MAR_Amb_Cast_ETD_0002,MAR_Amb_Cast,superalloy,ETD,hi,4096,6144,36691,2648,822,467,7.217,1458.0,1.8202,19.4567,267.937
260708_316_H_b2_front_CBS_002,260708_316_H_b2,steel,CBS,lo,2044,3067,5230,214,55,97,4.0918,834.3,1.7587,4.8775,91.846
MAR_Amb_AS_CBS_0005,MAR_Amb_AS,superalloy,CBS,hi,4096,6144,19157,920,727,392,4.8024,761.2,1.1933,0.9768,12.189
HIP_24hr_SE_Side_006,HIP_24hr,exposure,SE,hi,4096,6144,30349,7916,706,446,26.0832,1206.0,1.5652,2.7389,32.607
MAR_Amb_Cast_CBS_0001,MAR_Amb_Cast,superalloy,CBS,lo,2971,2970,34059,5189,773,437,15.2353,3859.9,1.7527,15.282,112.978
260708_316_H_b2_front_CBS_005,260708_316_H_b2,steel,CBS,hi,4091,6139,65622,1297,475,564,1.9765,2612.9,1.9306,41.8481,521.379
MAR_Amb_Cast_ETD_0005,MAR_Amb_Cast,superalloy,ETD,hi,4096,6144,64512,3588,2241,1374,5.5618,2563.5,1.758,22.1601,130.667
260708_316_H_b2_front_CBS_013,260708_316_H_b2,steel,CBS,lo,2005,3072,11197,333,176,163,2.974,1817.9,1.775,12.4883,119.667
260622_316_H_b2_front_CBS_04,260622_316_H_b2,steel,CBS,hi,4096,6144,25636,900,359,327,3.5107,1018.7,1.6888,7.6081,115.433
MAR_Amb_AS_ETD_0001,MAR_Amb_AS,superalloy,ETD,hi,3037,3036,3027,236,53,26,7.7965,328.3,1.8288,3.457,111.56
MAR_Amb_HIP_CBS_0004,MAR_Amb_HIP,superalloy,CBS,hi,4096,6144,2617,145,168,70,5.5407,104.0,0.8859,0.0679,5.547
260708_316_H_b2_front_CBS_009,260708_316_H_b2,steel,CBS,lo,2038,3072,358,17,17,8,4.7486,57.2,0.9743,0.0446,7.15
Cast_24hr_SE_Side_006,Cast_24hr,exposure,SE,hi,4096,6144,94988,12385,2509,1369,13.0385,3774.5,1.7215,20.7639,119.312
MAR_Amb_HIP_ETD_0007,MAR_Amb_HIP,superalloy,ETD,lo,2048,3072,4381,273,130,48,6.2315,696.3,1.2718,1.2935,15.599
MAR_Amb_AS_CBS_0002,MAR_Amb_AS,superalloy,CBS,hi,4096,6144,89985,10520,1742,1118,11.6908,3575.7,1.7622,21.6378,191.32
MAR_Amb_HIP_CBS_0008,MAR_Amb_HIP,superalloy,CBS,lo,2048,3072,10833,1268,302,223,11.705,1721.9,1.4475,3.7643,23.887
MAR_Amb_HIP_ETD_0010,MAR_Amb_HIP,superalloy,ETD,lo,2048,3072,11359,728,172,228,6.409,1805.5,1.6451,8.5997,58.412
MAR_Amb_AS_CBS_0003,MAR_Amb_AS,superalloy,CBS,hi,4096,6144,55923,2935,641,607,5.2483,2222.2,1.9177,51.1733,432.855
MAR_Amb_HIP_ETD_0006,MAR_Amb_HIP,superalloy,ETD,hi,4096,6144,16533,2304,418,276,13.9358,657.0,1.5161,2.2065,36.603
260708_316_H_b2_front_CBS_008,260708_316_H_b2,steel,CBS,lo,2045,3072,5094,189,68,94,3.7102,810.9,1.5791,2.741,42.049
MAR_Amb_HIP_CBS_0005,MAR_Amb_HIP,superalloy,CBS,hi,4096,6144,62150,5087,1058,794,8.185,2469.6,1.8263,21.3325,173.701
260622_316_amb_b3_CBS_01,260622_316_amb_b3,steel,CBS,hi,4096,6144,30614,547,615,440,1.7868,1216.5,1.7579,13.9153,203.248
260708_316_H_b2_front_CBS_012,260708_316_H_b2,steel,CBS,lo,1903,3072,7246,478,134,125,6.5967,1239.5,1.5891,3.9535,39.284
MAR_Amb_Cast_ETD_0004,MAR_Amb_Cast,superalloy,ETD,hi,4096,6144,78413,14524,1641,901,18.5224,3115.9,1.8267,21.0753,109.767
260708_316_H_b2_front_CBS_004,260708_316_H_b2,steel,CBS,lo,2045,3072,27667,977,191,354,3.5313,4404.0,1.9017,43.7147,257.729
MAR_Amb_HIP_CBS_0006,MAR_Amb_HIP,superalloy,CBS,hi,4096,6144,62099,14482,2276,918,23.3208,2467.6,1.4579,4.3989,20.409
MAR_Amb_AS_ETD_0003,MAR_Amb_AS,superalloy,ETD,hi,4096,6144,72438,2334,335,528,3.2221,2878.4,1.9387,49.7108,313.591
260622_316_amb_b3_CBS_02,260622_316_amb_b3,steel,CBS,hi,4096,6144,24136,594,356,366,2.4611,959.1,1.7716,7.2813,139.823
MAR_Amb_HIP_CBS_0010,MAR_Amb_HIP,superalloy,CBS,lo,2048,3072,15931,1274,444,348,7.997,2532.2,1.5691,9.3732,46.664
260708_316_H_b2_front_CBS_011,260708_316_H_b2,steel,CBS,lo,2041,3072,8438,330,94,140,3.9109,1345.8,1.7006,7.0069,77.998
260708_316_H_b2_front_CBS_007,260708_316_H_b2,steel,CBS,lo,2047,3071,11004,350,93,139,3.1807,1750.5,1.8468,15.3209,153.864
MAR_Amb_HIP_ETD_0005,MAR_Amb_HIP,superalloy,ETD,hi,4096,6144,10056,562,400,189,5.5887,399.6,1.553,2.9057,80.12
MAR_Amb_Cast_CBS_0004,MAR_Amb_Cast,superalloy,CBS,hi,4096,6144,152170,21762,3592,2125,14.3011,6046.7,1.7736,25.5083,241.61
MAR_Amb_Cast_CBS_0005,MAR_Amb_Cast,superalloy,CBS,hi,4096,6144,138288,16888,2876,1821,12.2122,5495.1,1.8693,41.253,247.146
MAR_Amb_AS_CBS_0001,MAR_Amb_AS,superalloy,CBS,lo,2952,2952,11502,2170,385,206,18.8663,1319.9,1.466,2.2753,26.045
260708_316_H_b2_front_CBS_006,260708_316_H_b2,steel,CBS,lo,2044,3071,13676,330,94,131,2.413,2178.7,1.9077,29.8967,286.613
260708_316_H_b2_front_CBS_010,260708_316_H_b2,steel,CBS,lo,2037,3072,310,6,19,10,1.9355,49.5,0.8933,0.0334,5.916
MAR_Amb_HIP_ETD_0008,MAR_Amb_HIP,superalloy,ETD,lo,2048,3072,12105,2260,348,197,18.67,1924.0,1.4491,4.0319,21.574
MAR_Amb_AS_ETD_0002,MAR_Amb_AS,superalloy,ETD,hi,4096,6144,49193,3252,548,496,6.6107,1954.8,1.8248,20.1942,195.403
MAR_Amb_HIP_CBS_0007,MAR_Amb_HIP,superalloy,CBS,lo,2048,3072,12263,3427,466,198,27.9459,1949.2,1.3839,1.9341,15.102
MAR_Amb_AS_CBS_0006,MAR_Amb_AS,superalloy,CBS,hi,4096,6144,14840,2357,615,245,15.8827,589.7,1.1129,0.4801,7.619
MAR_Amb_HIP_ETD_0003,MAR_Amb_HIP,superalloy,ETD,hi,4096,6144,22442,805,433,298,3.587,891.8,1.7679,9.9933,210.942
MAR_Amb_Cast_CBS_0002,MAR_Amb_Cast,superalloy,CBS,hi,4096,6144,118074,12341,2223,1360,10.4519,4691.8,1.8194,27.3018,296.156
MAR_Amb_Cast_ETD_0001,MAR_Amb_Cast,superalloy,ETD,hi,3042,3041,10907,657,183,128,6.0237,1179.0,1.8453,11.9613,184.543
260708_316_H_b2_front_CBS_001,260708_316_H_b2,steel,CBS,lo,1490,1490,2720,184,24,54,6.7647,1225.2,1.759,5.4645,61.261
260622_316_H_b4_CBS_02,260622_316_H_b4,steel,CBS,hi,4096,6144,52946,2568,868,674,4.8502,2103.9,1.5834,8.1956,59.714
260622_316_H_b2_back_CBS_01,260622_316_H_b2,steel,CBS,hi,4096,6144,76181,11638,2236,1165,15.2768,3027.2,1.6432,11.0601,85.589
260708_316_H_b2_front_CBS_016,260708_316_H_b2,steel,CBS,hi,4090,6144,34870,540,133,253,1.5486,1387.6,1.8932,24.2835,283.282
MAR_Amb_AS_ETD_0004,MAR_Amb_AS,superalloy,ETD,hi,4096,6144,17196,2063,591,372,11.997,683.3,1.3353,1.219,18.243
260622_316_H_b2_front_CBS_01,260622_316_H_b2,steel,CBS,hi,4096,6144,61265,6785,1517,973,11.0748,2434.5,1.6316,9.9787,104.575
MAR_Amb_Cast_CBS_0003,MAR_Amb_Cast,superalloy,CBS,hi,4096,6144,13890,1172,504,262,8.4377,551.9,1.1422,0.5334,8.916
